date,fee_total,fee_perp,fee_ma7,buyback_usd,buyback_ma7,price,ret_7d
2024-11-29,2497425.07,2491311.71,,,,6.25,335.33
2024-12-02,2313969.68,2044561.65,,,,8.43,221.69
2024-12-18,23328960.24,22544516.69,,,,23.22,26.04
2024-12-22,10580501.09,10215142.73,,,,28.46,-3.56
2024-12-23,1461253.23,1365510.43,,,,28.62,-5.83
2024-12-24,1368596.35,1318551.53,,,,29.78,-19.39
2024-12-25,1047430.85,1005566.03,6085448.07,,,26.54,-0.86
2024-12-26,1019238.0,985434.01,5874278.49,,,27.22,-14.9
2024-12-27,1633333.41,1591549.86,5777044.74,,,27.11,-9.84
2024-12-28,978675.75,950245.67,2584146.95,,,29.27,-14.5
2024-12-29,480409.76,449201.99,1141276.76,,,27.45,-11.09
2024-12-30,1530159.41,1481079.93,1151120.5,,,26.95,-6.39
2024-12-31,1371530.62,1328881.14,1151539.69,,,24.01,-2.13
2025-01-01,513195.56,482687.54,1075220.36,,,26.32,-14.5
2025-01-02,1315214.81,1273282.57,1117502.76,,,23.16,-12.48
2025-01-03,1407906.34,1371019.68,1085298.89,,,24.44,-15.5
2025-01-04,1079177.16,1053682.02,1099656.24,,,25.02,-16.54
2025-01-05,1013010.2,993846.35,1175742.01,,,24.4,-13.46
2025-01-06,1071471.74,1047920.15,1110215.2,,,25.23,-14.28
2025-01-07,2179525.5,2149311.24,1225643.04,,,23.5,-2.12
2025-01-08,1813215.98,1767942.63,1411360.25,,,22.5,8.34
2025-01-09,1972950.65,1926175.82,1505322.51,,,20.27,15.76
2025-01-10,1528359.65,1499972.97,1522530.13,,,20.65,11.79
2025-01-11,472579.05,457618.13,1435873.25,,,20.88,5.04
2025-01-12,479173.59,474568.57,1359610.88,,,21.12,-4.35
2025-01-13,2330484.78,2289981.29,1539469.89,,,21.63,-5.0
2025-01-14,1273120.85,1248748.51,1409983.51,,,23.0,0.8
2025-01-15,1260041.51,1236239.88,1330958.58,,,24.38,-0.31
2025-01-16,1705410.05,1686694.81,1292738.5,,,23.47,-6.37
2025-01-17,1698286.67,1677802.01,1317013.79,,,23.09,-0.13
2025-01-18,2829175.92,2776940.77,1653670.48,,,21.94,5.54
2025-01-19,4278948.03,4217634.99,2196495.4,,,20.2,9.36
2025-01-20,4097777.04,4063229.72,2448965.72,,,20.55,13.83
2025-01-21,2090596.86,2056410.3,2565748.01,,,23.18,-3.84
2025-01-22,1435423.41,1405005.53,2590802.57,,,24.3,-2.26
2025-01-23,2821436.65,2783278.11,2750234.94,,,21.98,23.9
2025-01-24,1299579.91,1275770.11,2693276.83,,,23.06,16.79
2025-01-25,1077471.92,1063049.3,2443033.4,,,23.15,0.16
2025-01-26,1048253.3,1032016.1,1981505.58,,,22.09,1.01
2025-01-27,2726671.15,2688547.84,1785633.31,,,23.39,7.65
2025-01-28,1527101.38,1500243.21,1705133.96,,,22.29,12.73
2025-01-29,1885265.27,1865284.47,1769397.08,,,23.75,4.24
2025-01-30,1458590.52,1419963.71,1574704.78,,,27.23,-12.45
2025-01-31,1776541.59,1745763.52,1642842.16,,,26.93,-15.21
2025-02-01,1420260.53,1380664.0,1691811.96,,,23.19,0.79
2025-02-02,2053558.56,2008742.06,1835427.0,,,22.31,2.95
2025-02-03,4268312.53,4204764.36,2055661.48,,,25.18,-7.35
2025-02-04,2529278.04,2491229.86,2198829.58,,,25.13,-6.48
2025-02-05,1433752.88,1405686.63,2134327.81,,,24.76,4.38
2025-02-06,1350582.15,1325840.07,2118898.04,,,23.84,10.22
2025-02-07,1543559.66,1517302.74,2085614.91,,,22.84,14.67
2025-02-08,798058.0,786002.19,1996728.83,,,23.37,10.05
2025-02-09,1004781.84,993995.86,1846903.59,,,22.97,16.66
2025-02-10,1135136.38,1123137.51,1399306.99,,,23.33,8.79
2025-02-11,1547969.97,1532352.15,1259120.13,,,23.5,2.49
2025-02-12,1803463.6,1785360.26,1311935.94,,,25.84,-6.88
2025-02-13,1225092.04,1210061.21,1294008.78,,,26.27,-6.94
2025-02-14,1220176.86,1190726.66,1247811.24,,,26.18,-4.54
2025-02-15,741948.98,724326.84,1239795.67,,,25.72,-3.64
2025-02-16,608265.35,599409.48,1183150.45,,,26.8,-13.67
2025-02-17,1320213.5,1301343.25,1209590.04,,,25.38,-21.65
2025-02-18,1654620.9,1598732.56,1224825.89,,,24.09,-16.15
2025-02-19,1009695.9,987639.47,1111430.5,,,24.06,-18.66
2025-02-20,1124109.27,1104633.82,1097004.39,,,24.45,-14.63
2025-02-21,2459079.79,2430607.55,1273990.53,,,24.99,-20.19
2025-02-22,898622.8,886199.39,1296372.5,,,24.78,-20.89
2025-02-23,753568.55,739684.48,1317130.1,,,23.13,-11.27
2025-02-24,1531740.15,1495241.39,1347348.19,,,19.88,-10.06
2025-02-25,3846701.15,3770379.02,1660502.52,,,20.2,-15.37
2025-02-26,2216900.84,2179961.49,1832960.36,,,19.57,-12.17
2025-02-27,1561749.52,1540246.73,1895480.4,,,20.87,-26.31
2025-02-28,2498326.88,2465460.29,1901087.13,,,19.95,-24.09
2025-03-01,1023541.26,1011013.03,1918932.62,,,19.61,-22.92
2025-03-02,2614494.14,2583445.53,2184779.13,,,20.53,-29.75
2025-03-03,2395717.19,2363474.67,2308204.43,,,17.88,-24.75
2025-03-04,2837829.15,2789913.03,2164079.85,,,17.09,-19.43
2025-03-05,1470721.03,1450673.99,2057482.74,,,17.19,-23.43
2025-03-06,1590492.52,1566335.63,2061588.88,,,15.38,-19.88
2025-03-07,2355898.02,2332221.83,2041241.9,,,15.14,-8.85
2025-03-08,601095.68,590258.09,1980892.53,,,15.11,-4.81
2025-03-09,1262038.72,1244105.14,1787684.62,,,14.42,-10.05
2025-03-10,2183515.91,2159029.81,1757370.15,,,13.46,-1.61
2025-03-11,1905813.52,1880709.95,1624225.06,,,13.77,2.9
2025-03-12,1566528.03,1540012.5,1637911.77,,,13.16,18.65
2025-03-13,1128839.83,1107197.67,1571961.39,,,12.32,14.8
2025-03-14,963621.7,946893.63,1373064.77,,,13.8,15.43
2025-03-15,625850.63,617967.54,1376601.19,,,14.38,8.28
2025-03-16,760552.46,750431.33,1304960.3,,,12.97,25.6
2025-03-17,894181.87,885387.43,1120769.72,,,13.24,26.59
2025-03-18,1119293.97,1111180.31,1008409.78,,,14.17,13.13
2025-03-19,1416624.4,1398091.03,986994.98,,,15.62,-9.97
2025-03-20,1162000.48,1147967.93,991732.22,1360250.11,,14.15,3.1
2025-03-21,858538.02,846171.55,976720.26,1031164.9,,15.93,-15.96
2025-03-22,529316.9,520879.47,962929.73,847303.18,,15.57,-17.82
2025-03-23,559165.24,552691.56,934160.13,450708.74,,16.29,-23.41
2025-03-24,1251644.41,1232374.94,985226.2,829053.81,,16.76,-22.52
2025-03-25,982667.57,971143.06,965708.15,1041581.33,,16.03,-16.89
2025-03-26,1126009.33,1064049.34,924191.71,829339.39,912771.64,14.06,-16.3
2025-03-27,828989.26,816993.42,876618.68,1118366.47,878216.83,14.59,-19.81
2025-03-28,1104260.46,1085745.73,911721.88,828868.5,849317.35,13.39,-11.37
2025-03-29,789049.24,776509.97,948826.5,901117.23,857005.07,12.8,-6.02
2025-03-30,679323.6,671833.52,965991.98,696924.24,892178.71,12.48,-17.82
2025-03-31,1303538.42,1290890.27,973405.41,895707.82,901700.71,12.99,-11.53
2025-04-01,1181712.4,1172506.54,1001840.39,1148306.09,916947.11,13.32,-15.82
2025-04-02,1895282.28,1872963.11,1111736.52,999399.23,941241.37,11.77,15.36
2025-04-03,1383529.93,1365034.14,1190956.62,1706987.16,1025330.04,11.7,21.16
2025-04-04,1808044.26,1790658.39,1291497.16,1341664.16,1098586.56,11.87,32.25
2025-04-05,548034.36,541755.86,1257066.46,1806393.18,1227911.7,12.03,35.77
2025-04-06,1740788.65,1722701.77,1408704.33,456748.82,1193600.92,10.25,50.25
2025-04-07,3141695.37,3105494.48,1671298.18,2696151.3,1450807.13,11.49,36.82
2025-04-08,1754289.21,1733299.04,1753094.87,2383035.65,1627197.07,11.22,34.12
2025-04-09,2832320.8,2795876.84,1886957.51,2265416.3,1808056.65,13.58,16.07
2025-04-10,1684709.61,1661574.69,1929983.18,2469028.06,1916919.64,14.17,20.98
2025-04-11,1327533.61,1303083.21,1861338.8,1682430.29,1965600.51,15.69,8.73
2025-04-12,1141450.77,1125793.23,1946112.57,1296921.48,1892818.84,16.33,10.64
2025-04-13,1371714.49,1352988.94,1893387.69,1071942.31,1980703.63,15.41,14.07
2025-04-14,1356370.64,1338930.13,1638341.3,1453677.39,1803207.35,15.72,15.75
2025-04-15,1243272.7,1227199.5,1565338.95,1263352.3,1643252.59,15.04,27.43
2025-04-16,1491909.02,1470952.46,1373851.55,1260681.21,1499719.01,15.76,17.12
2025-04-17,1080430.71,1060113.26,1287525.99,1446889.32,1353699.19,17.14,9.43
2025-04-18,515595.19,502749.86,1171534.79,884257.66,1239674.52,17.06,7.78
2025-04-19,579530.25,566871.26,1091260.43,562035.02,1134690.74,18.07,-0.9
2025-04-20,657878.84,647115.75,989283.91,503819.19,1053530.3,17.57,-1.04
2025-04-21,1472821.43,1451848.77,1005919.73,938622.6,979951.04,18.19,2.65
2025-04-22,2196561.46,2176056.54,1142103.84,1423075.15,1002768.59,19.17,-2.93
2025-04-23,1984462.21,1959858.03,1212468.58,2257032.68,1145104.52,18.46,8.34
2025-04-24,1329006.45,1313444.48,1247979.4,1763542.08,1190340.63,18.76,6.24
2025-04-25,1620725.64,1604601.88,1405855.18,1305000.8,1250446.79,18.39,13.11
2025-04-26,844372.66,832573.3,1443689.81,1427722.03,1374116.36,17.91,17.0
2025-04-27,782235.08,772111.68,1461454.99,816115.39,1418730.1,17.39,14.4
2025-04-28,1520484.66,1500653.71,1468264.02,790516.24,1397572.05,18.68,8.56
2025-04-29,1126903.89,1109058.69,1315455.8,1345956.88,1386555.16,18.61,12.61
2025-04-30,1334971.55,1315997.3,1222671.42,1104429.8,1221897.6,20.0,5.25
2025-05-01,1373022.23,1345838.77,1228959.39,1369589.55,1165618.67,19.93,16.9
2025-05-02,975088.22,958648.65,1136725.47,1529406.31,1197676.6,20.8,18.68
2025-05-03,607648.58,595999.5,1102907.74,845933.17,1114563.91,20.95,25.15
2025-05-04,821111.06,808727.98,1108461.46,549144.51,1076425.21,19.9,25.06
2025-05-05,1312295.55,1285261.84,1078720.15,995251.44,1105673.09,20.28,22.42
2025-05-06,1501613.86,1468583.53,1132250.15,1128924.44,1074668.46,20.95,23.12
2025-05-07,1600179.83,1570917.46,1170137.05,1645504.59,1151964.86,21.05,19.69
2025-05-08,3279282.3,3225869.24,1442459.91,2070058.59,1252031.86,23.3,12.01
2025-05-09,2850455.04,2787301.83,1710369.46,3722273.75,1565298.64,24.69,8.55
2025-05-10,1683620.34,1647473.02,1864079.71,1982994.49,1727735.97,26.22,-1.46
2025-05-11,2089973.38,2042043.09,2045345.76,2151725.8,1956676.16,24.89,8.72
2025-05-12,3358920.62,3312179.92,2337720.77,2013924.85,2102200.93,24.82,6.86
2025-05-13,2488364.63,2446056.01,2478685.16,2931446.11,2359704.03,25.8,2.73
2025-05-14,2002157.04,1966657.78,2536110.48,2425221.21,2471092.11,25.19,12.21
2025-05-15,2204907.21,2167830.39,2382628.32,1824984.35,2436081.51,26.1,28.03
2025-05-16,1734659.54,1682778.86,2223228.97,2316472.83,2235252.81,26.8,23.28
2025-05-17,1241519.71,1196868.13,2160071.73,1800311.97,2209155.3,25.84,34.66
2025-05-18,2046014.3,2006672.37,2153791.86,915170.64,2032504.57,27.05,44.5
2025-05-19,2754679.7,2702019.89,2067471.73,3021657.47,2176466.37,26.52,39.72
2025-05-20,3158720.84,3114843.64,2163236.91,2335473.22,2091327.38,26.5,34.79
2025-05-21,4923208.62,4852801.07,2580529.99,3243296.47,2208195.28,28.27,21.32
2025-05-22,3382599.89,3268951.79,2748771.8,5872178.58,2786365.88,33.41,-6.13
2025-05-23,3816462.75,3676854.78,3046172.26,2858955.21,2863863.37,33.04,-0.73
2025-05-24,1998462.73,1933516.21,3154306.98,3421583.68,3095473.61,34.8,-6.07
2025-05-25,2509956.51,2416706.92,3220584.43,2098890.14,3264576.4,39.09,-12.56
2025-05-26,2008977.14,1908798.6,3114055.5,2258419.38,3155542.38,37.06,-1.57
2025-05-27,3108220.95,3020950.49,3106841.23,2244861.84,3142597.9,35.73,0.89
2025-05-28,2528674.51,2445785.1,2764764.93,2305266.48,3008593.62,34.3,3.78
2025-05-29,3090787.95,3003520.12,2723077.51,2602830.5,2541543.89,31.36,8.31
2025-05-30,3112036.25,3024160.12,2622445.15,3404212.92,2619437.85,32.8,1.57
2025-05-31,1289119.18,1239733.81,2521110.36,2525982.71,2491494.85,32.68,6.82
2025-06-01,1097268.99,1058640.66,2319297.85,841842.18,2311916.57,34.19,2.33
2025-06-02,1836907.05,1772584.71,2294716.41,1129967.84,2150709.21,36.48,6.53
2025-06-03,2149870.53,2075025.47,2157809.21,2131282.66,2134483.61,36.04,17.04
2025-06-04,1711241.84,1645066.56,2041033.11,2068043.73,2100594.65,35.59,17.45
2025-06-05,3100654.55,3006762.28,2042442.63,1507195.64,1944075.38,33.97,19.25
2025-06-06,1869943.57,1810563.24,1865000.82,3227629.67,1918849.2,33.31,26.9
2025-06-07,919036.56,888061.55,1812131.87,1547600.76,1779080.35,34.91,14.88
2025-06-08,278826.03,268663.86,1695211.45,795945.09,1772523.63,34.98,17.67
2025-06-09,3169213.64,3074967.36,1885540.96,1033782.87,1758782.92,38.85,7.83
2025-06-10,2769790.25,2654322.82,1974100.92,2966717.53,1878130.76,42.19,-5.23
2025-06-11,2743278.62,2637641.48,2121534.75,2670016.4,1964126.85,41.8,-5.63
2025-06-12,3021373.06,2925610.81,2110208.82,2787983.18,2147096.5,40.51,-8.98
2025-06-13,4013650.88,3865699.48,2416452.72,4333047.9,2305013.39,42.28,-21.14
2025-06-14,1327158.18,1273376.76,2474755.81,2185535.18,2396146.88,40.11,-14.24
2025-06-15,1208458.29,1168676.37,2607560.42,1164654.02,2448819.58,41.17,-13.26
2025-06-16,2871026.66,2768799.17,2564962.28,1387388.36,2499334.65,41.9,-8.78
2025-06-17,3459555.48,3338783.64,2663500.17,3414074.1,2563242.73,39.98,-6.17
2025-06-18,2371798.71,2283281.66,2610431.61,2621754.27,2556348.14,39.45,-6.19
2025-06-19,1548564.78,1474284.31,2400030.43,2072394.66,2454121.21,36.87,-3.02
2025-06-20,2633335.58,2540169.66,2202842.53,1572540.27,2059762.98,33.34,9.82
2025-06-21,1688416.56,1618934.33,2254450.87,2062339.95,2042163.66,34.4,9.93
2025-06-22,3679886.17,3587130.79,2607511.99,2243331.86,2196260.5,35.71,11.35
2025-06-23,4065354.77,3959395.29,2778130.29,3427206.96,2487663.15,38.22,3.53
2025-06-24,2245297.24,2169012.56,2604664.83,4394495.54,2627723.36,37.51,-1.68
2025-06-25,2110314.78,2043827.09,2567309.98,1849546.93,2517408.02,37.01,7.83
2025-06-26,1694638.58,1644612.81,2588177.67,1978598.82,2504008.62,35.76,12.57
2025-06-27,1580442.01,1539387.61,2437764.3,1815313.98,2538690.58,36.61,6.54
2025-06-28,621074.15,591671.07,2285286.81,1203337.36,2415975.92,37.81,3.51
2025-06-29,1130372.08,1083387.23,1921070.52,542414.04,2172987.66,39.76,0.23
2025-06-30,1830442.28,1769379.6,1601797.3,1536144.18,1902835.84,39.57,-2.56
2025-07-01,1816522.99,1759654.44,1540543.84,1555195.85,1497221.59,36.88,5.29
2025-07-02,2599353.0,2540663.56,1610406.44,1844481.99,1496498.03,39.91,1.96
2025-07-03,1818105.43,1769281.57,1628044.56,2494949.02,1570262.35,40.25,8.78
2025-07-04,1755190.42,1701797.35,1653008.62,1741250.39,1559681.83,39.01,18.71
2025-07-05,748668.45,718993.3,1671236.38,1596923.67,1615908.45,39.14,20.33
2025-07-06,1246827.29,1220128.49,1687872.84,650244.12,1631312.75,39.85,22.75
2025-07-07,1616955.68,1568453.7,1657374.75,1372817.96,1607980.43,38.56,23.33
2025-07-08,1645260.72,1586778.9,1632908.71,1519235.87,1602843.29,38.83,23.17
2025-07-09,2715933.66,2647959.32,1649563.09,1613091.81,1569787.55,40.69,15.62
2025-07-10,3450198.98,3357657.62,1882719.31,2954098.98,1635380.4,43.79,4.15
2025-07-11,3844957.2,3735797.29,2181257.43,3647033.08,1907635.07,46.3,-4.22
2025-07-12,1779849.64,1702526.27,2328569.02,3465960.55,2174640.34,47.1,-5.56
2025-07-13,1989306.77,1919063.41,2434637.52,2008748.36,2368712.37,48.92,-5.92
2025-07-14,4100396.11,3977897.68,2789414.73,3181268.76,2627062.49,47.55,-6.82
2025-07-15,5058475.53,4932050.38,3277016.84,3961622.47,2975974.86,47.83,-3.3
2025-07-16,4485646.69,4375610.85,3529832.99,4321512.6,3362892.11,47.04,-7.02
2025-07-17,4999268.95,4857677.36,3751128.7,4475765.95,3580273.11,45.6,-7.65
2025-07-18,5111562.05,4989451.55,3932072.25,5353743.66,3824088.91,44.35,-0.36
2025-07-19,1787835.35,1731046.85,3933213.06,3622903.07,3846509.27,44.48,-2.61
2025-07-20,3209545.9,3142100.78,4107532.94,1637416.71,3793461.89,46.02,-5.1
2025-07-21,4298860.91,4200867.63,4135885.05,4157067.3,3932861.68,44.31,-1.2
2025-07-22,4810837.37,4704878.71,4100508.17,4309374.39,3982540.53,46.25,-5.84
2025-07-23,3993752.54,3893809.53,4030237.58,4231130.15,3969628.75,43.74,-3.45
2025-07-24,3775659.32,3684454.19,3855436.21,3649361.05,3851570.9,42.12,-3.24
2025-07-25,4390004.23,4299874.44,3752356.52,3875969.71,3640460.34,44.19,-14.93
2025-07-26,1668348.05,1618245.42,3735286.9,2008190.48,3409787.11,43.32,-14.8
2025-07-27,2160127.3,2096262.13,3585369.96,2122051.78,3479020.69,43.68,-12.57
2025-07-28,3319042.58,3228441.6,3445395.91,3328771.12,3360692.67,43.78,-11.4
2025-07-29,3367064.23,3271151.37,3239142.61,3117194.39,3190381.24,43.55,-11.6
2025-07-30,2817703.51,2722708.52,3071135.6,2705475.11,2972430.52,42.23,-9.8
2025-07-31,3226051.25,3109607.15,2992620.16,3164904.28,2903222.41,40.76,0.41
2025-08-01,4948245.14,4816212.8,3072368.87,4693953.32,3020077.21,37.59,9.07
2025-08-02,2274627.47,2212408.46,3158980.21,2317465.07,3064259.3,36.91,18.26
2025-08-03,1646794.81,1601322.11,3085647.0,1580317.95,2986868.75,38.18,18.54
2025-08-04,2518824.08,2463244.49,2971330.07,2447194.85,2860929.28,38.79,11.37
2025-08-05,2703801.86,2642131.94,2876578.3,2546392.65,2779386.18,38.49,16.25
2025-08-06,2086918.89,2032306.95,2772180.5,2103705.6,2693419.1,38.09,25.08
2025-08-07,2908493.52,2845203.53,2726815.11,2329278.75,2574044.03,40.92,11.29
2025-08-08,3002000.99,2943308.96,2448780.23,3491806.81,2402308.81,41.0,16.57
2025-08-09,3007659.38,2923560.41,2553499.08,2854886.42,2479083.29,43.65,6.12
2025-08-10,2748937.66,2694494.79,2710948.05,2616564.7,2627118.54,45.26,1.72
2025-08-11,4653401.94,4551654.76,3015887.75,4537056.48,2925670.2,43.2,0.35
2025-08-12,4605139.75,4501175.14,3287507.45,4441446.21,3196392.14,44.75,-7.81
2025-08-13,5555383.67,5408198.77,3783002.42,4994057.16,3609299.5,47.65,-9.82
2025-08-14,7484012.59,7323465.34,4436648.0,7723090.99,4379844.11,45.54,-11.26
2025-08-15,3807398.0,3679797.27,4551704.71,3656083.6,4403312.22,47.79,-5.21
2025-08-16,1402819.97,1351963.78,4322441.94,1365202.03,4190500.17,46.32,-3.14
2025-08-17,1735872.19,1675754.62,4177718.3,1699981.19,4059559.67,46.04,0.02
2025-08-18,4197948.67,4106333.55,4112653.55,4068407.8,3992609.85,43.35,-0.94
2025-08-19,4303540.51,4199032.67,4069567.94,4196894.62,3957673.91,41.25,18.28
2025-08-20,4034005.19,3893078.35,3852228.16,3873066.94,3797532.45,42.97,9.26
2025-08-21,3281304.28,3089220.27,3251841.26,3184206.25,3149120.35,40.42,12.66
2025-08-22,5946262.73,5560685.84,3557393.36,5659586.13,3435334.99,45.3,-1.97
2025-08-23,2579247.8,2296882.31,3725454.48,2555181.64,3605332.08,44.87,-1.87
2025-08-24,5403619.63,4466316.44,4249418.4,5298039.8,4119340.45,46.05,-3.86
2025-08-25,5777761.36,5495155.77,4475105.93,5591022.74,4336856.87,42.94,0.37
2025-08-26,6010652.08,5621930.12,4718979.01,5812626.01,4567675.64,48.79,-8.05
2025-08-27,3762751.44,3626786.6,4680228.47,3645666.4,4535189.85,46.95,-2.41
2025-08-28,2944183.22,2841753.51,4632068.32,2852918.43,4487863.02,45.53,-0.45
2025-08-29,4659945.71,4344487.5,4448308.75,4517739.1,4324742.02,44.41,6.27
2025-08-30,1982052.61,1804818.4,4362995.15,1903289.34,4231614.55,44.03,4.45
2025-08-31,1743851.05,1524598.55,3840171.07,1781642.52,3729272.08,44.27,6.38
2025-09-01,3099156.93,2944906.75,3457513.29,3002689.84,3359510.23,43.1,18.06
2025-09-02,3084713.07,3003649.26,3039522.0,3058785.57,2966104.46,44.86,18.71
2025-09-03,2255200.31,2178982.73,2824157.56,2259297.54,2768051.76,45.81,21.01
2025-09-04,2540673.74,2463869.74,2766513.35,2588476.64,2730274.36,45.33,25.78
2025-09-05,3456517.64,3356278.97,2594595.05,3390576.27,2569251.1,47.2,17.07
2025-09-06,1011291.16,957974.67,2455914.84,996786.0,2439750.63,45.99,18.43
2025-09-07,1043733.73,988220.34,2355898.08,1076047.9,2338951.39,47.09,14.03
2025-09-08,2707950.02,2575788.94,2300011.38,2646828.64,2288114.08,50.89,6.11
2025-09-09,2920158.15,2762997.01,2276503.54,2868805.13,2260974.02,53.26,2.25
2025-09-10,3106399.44,2932653.12,2398103.41,3110976.4,2382642.43,55.44,4.16
2025-09-11,3172444.57,2898482.87,2488356.39,2776718.37,2409534.1,57.01,2.77
2025-09-12,3575701.3,3279144.79,2505382.62,3886527.32,2480384.25,55.25,1.58
2025-09-13,2353372.91,2093422.73,2697108.59,2341465.74,2672481.36,54.46,-0.52
2025-09-14,2465599.25,2090626.17,2900232.23,2440513.66,2867405.04,53.7,-5.44
2025-09-15,3177749.93,2983716.86,2967346.51,3082934.9,2929705.93,53.99,-12.55
2025-09-16,2560751.83,2378097.89,2916002.75,2594690.27,2890546.67,54.45,-18.11
2025-09-17,3614238.01,3384153.89,2988551.11,3503801.89,2946664.59,57.74,-20.94
2025-09-18,2971908.96,2754970.78,2959903.17,2978630.8,2975509.23,58.59,-31.11
2025-09-19,2710854.24,2557609.64,2836353.59,2702384.65,2806345.99,56.13,-20.14
2025-09-20,1446062.72,1328284.33,2706737.85,1449428.03,2678912.03,54.18,-15.55
2025-09-21,1740089.35,1612554.88,2603093.58,1731316.0,2577598.08,50.78,-7.0
2025-09-22,4871367.1,4677459.51,2845038.89,4825143.11,2826484.96,47.22,-2.14
2025-09-23,2838180.84,2709882.46,2884671.6,2814059.09,2857823.37,44.59,1.38
2025-09-24,2705082.63,2576573.77,2754792.26,2663425.83,2737769.64,45.65,3.53
2025-09-25,5021710.53,4689286.1,3047621.06,5027352.36,3030444.15,40.37,25.91
2025-09-26,2971177.32,2725771.16,3084810.07,2846935.4,3051094.26,44.82,10.3
2025-09-27,1444572.34,1299787.64,3084597.16,1460827.72,3052722.79,45.76,7.45
2025-09-28,1765539.08,1651341.88,3088232.83,1713778.63,3050217.45,47.22,2.15
2025-09-29,2459428.14,2313450.7,2743670.13,2482196.63,2715510.81,46.2,2.23
2025-09-30,2573393.07,2414177.64,2705843.3,2530245.33,2674965.99,45.21,-0.19
2025-10-01,2896850.29,2772196.48,2733238.68,2829098.65,2698633.53,47.26,-1.34
2025-10-02,3244541.72,3117103.42,2479357.42,3179744.99,2434689.62,50.83,-13.49
2025-10-03,3153303.37,3021517.73,2505375.43,3194278.77,2484310.1,49.44,-23.93
2025-10-04,1454220.63,1376871.06,2506753.76,1423501.13,2478977.73,49.16,-25.05
2025-10-05,2824966.6,2737378.61,2658100.55,2806654.39,2635102.84,48.24,-17.8
2025-10-06,3125143.28,2968324.51,2753202.71,3123698.86,2726746.02,47.24,-10.05
2025-10-07,4338414.58,4092359.99,3005348.64,4300251.97,2979604.11,45.13,-12.6
2025-10-08,2726997.03,2538894.3,2981083.89,2673956.66,2957440.97,46.63,-19.66
2025-10-09,3541238.3,3408560.67,3023469.11,3500214.98,3003222.39,43.97,-16.31
2025-10-10,20226867.87,19977607.55,5462549.76,20134654.77,5423276.11,37.61,-5.61
2025-10-11,3138648.91,2936978.2,5703182.37,2999479.49,5648415.87,36.85,0.02
2025-10-12,3306971.17,3195169.29,5772040.16,3279132.4,5715912.73,39.65,-5.68
2025-10-13,2766599.45,2653120.1,5720819.62,2737513.05,5660743.33,42.49,-10.69
2025-10-14,4426377.92,4310979.64,5733385.81,4368313.11,5670466.35,39.44,-10.3
2025-10-15,3016434.36,2929719.63,5774734.0,2972554.27,5713123.15,37.46,-3.2
2025-10-16,3181367.29,3085303.68,5723323.85,3135849.89,5661071.0,36.8,9.37
2025-10-17,3394111.45,3266594.65,3318644.36,3355088.34,3263990.08,35.5,10.84
2025-10-18,1044871.15,991423.18,3019533.26,993444.07,2977413.59,36.85,20.07
2025-10-19,1517488.53,1463318.52,2763892.88,1540345.59,2729015.47,37.4,26.57
2025-10-20,2387834.46,2309582.56,2709783.59,2356209.45,2674543.53,37.95,22.75
2025-10-21,4035762.92,3928282.04,2653981.45,3988911.61,2620343.32,35.38,34.88
2025-10-22,3276576.75,3189944.24,2691144.65,3088332.68,2636883.09,36.27,32.46
2025-10-23,2506413.35,2414417.68,2594722.66,2477734.27,2542866.57,40.25,12.78
2025-10-24,1921774.9,1872953.11,2384388.87,2006758.32,2350248.0,39.34,11.0
2025-10-25,1020198.37,972380.2,2380864.18,989708.01,2349714.28,44.25,-2.22
2025-10-26,1903566.95,1829802.05,2436018.24,1881476.25,2398447.23,47.34,-10.34
2025-10-27,2551789.18,2462380.74,2459440.35,2485119.66,2416862.97,46.58,-13.76
2025-10-28,2813088.76,2728558.01,2284772.61,2746596.55,2239389.39,47.72,-18.25
2025-10-29,3068460.58,2975131.4,2255041.73,3030139.75,2231076.12,48.04,-13.85
2025-10-30,3616115.24,3489045.98,2413570.57,3350689.9,2355784.06,45.39,-15.18
2025-10-31,2166573.07,2086873.61,2448541.74,2259013.3,2391820.49,43.67,-3.33
2025-11-01,938072.79,892813.14,2436809.51,905975.09,2379858.64,43.27,-7.24
2025-11-02,1225213.54,1171768.86,2339901.88,1131973.02,2272786.75,42.45,-1.53
2025-11-03,3463001.02,3358015.64,2470075.0,3442991.47,2409625.58,40.17,3.13
2025-11-04,5350142.43,5168482.27,2832511.24,4842096.4,2708982.7,39.01,-0.85
2025-11-05,2713034.81,2633253.41,2781736.13,3095161.4,2718271.51,41.38,-7.34
2025-11-06,2861242.23,2775376.99,2673897.13,2820403.43,2642516.3,38.5,0.08
2025-11-07,3293904.84,3217465.98,2834944.52,3221804.45,2780057.89,42.22,-11.22
2025-11-08,1642901.39,1572783.91,2935634.32,1626720.04,2883021.46,40.14,-3.89
2025-11-09,1755467.8,1706761.59,3011384.93,1728449.96,2968232.45,41.8,-7.43
2025-11-10,2513004.35,2443784.38,2875671.12,2462236.88,2828124.65,41.43,-5.2
2025-11-11,2649681.87,2562517.87,2489891.04,2630949.04,2512246.46,38.68,-0.03
2025-11-12,2289647.59,2224393.6,2429407.15,2222071.34,2387519.31,38.34,1.38
2025-11-13,3667582.58,3597216.14,2544598.63,3637329.07,2504222.97,38.53,-2.59
2025-11-14,3868854.0,3759134.96,2626734.23,3778626.52,2583768.98,37.48,-9.7
2025-11-15,1397243.61,1350613.11,2591640.26,1346765.12,2543775.42,38.57,-22.34
2025-11-16,2041070.52,1980753.22,2632440.65,1936066.5,2573434.92,38.69,-17.63
2025-11-17,2871726.87,2792382.54,2683686.72,2814222.59,2623718.6,39.27,-14.13
2025-11-18,2920943.81,2833141.4,2722438.43,2891591.59,2660953.25,38.67,-12.75
2025-11-19,2939911.75,2869493.5,2815333.31,2713751.03,2731193.2,38.87,-6.75
2025-11-20,3342395.11,3259047.55,2768877.95,3297836.79,2682694.31,37.53,-7.45
2025-11-21,4714480.95,4587135.48,2889681.8,4477366.02,2782514.23,33.84,3.24
2025-11-22,1368421.56,1303606.32,2885564.37,1463002.28,2799119.54,29.96,14.66
2025-11-23,1813596.28,1756435.99,2853068.05,1788087.04,2777979.62,31.87,0.08
2025-11-24,2582810.67,2514188.55,2811794.3,2548486.51,2740017.32,33.72,-8.09
2025-11-25,2226924.04,2165022.45,2712648.62,1965765.79,2607756.49,33.74,0.28
2025-11-26,1990394.75,1924525.74,2577003.34,2161625.93,2528881.48,36.25,-4.46
2025-11-27,1373731.82,1305080.69,2295765.72,1351706.04,2250862.8,34.74,-3.46
2025-11-28,1536464.67,1476081.74,1841763.4,1510697.17,1827052.97,34.94,-11.29
2025-11-29,825518.97,782403.48,1764205.89,804884.51,1733036.14,34.35,-9.89
2025-11-30,762856.74,722384.3,1614100.24,791553.71,1590674.24,31.89,-6.79
2025-12-01,2920982.27,2829220.17,1662410.47,2849206.8,1633634.28,31.0,-4.9
2025-12-02,2327750.86,2164028.15,1676814.3,2194924.87,1666371.29,33.83,-17.53
2025-12-03,2026340.29,1976483.68,1681949.37,2079489.72,1654637.55,34.63,-16.73
2025-12-04,1716455.42,1669064.18,1730909.89,1663937.63,1699242.06,33.53,-13.03
2025-12-05,2029066.1,1974769.65,1801281.52,2000314.57,1769187.4,30.99,-7.68
2025-12-06,685914.76,659495.45,1781338.06,673471.5,1750414.11,30.95,-4.39
2025-12-07,1745924.69,1700788.98,1921776.34,1720821.46,1883166.65,29.73,-3.01
2025-12-08,1761371.36,1717381.9,1756117.64,1747203.22,1725737.57,29.48,-6.37
2025-12-09,2454089.49,2391485.59,1774166.02,2415499.24,1757248.19,27.9,-3.96
2025-12-10,2302142.28,2256535.26,1813566.3,2249508.93,1781536.65,28.84,-15.1
2025-12-11,2236592.31,2194891.22,1887871.57,2154234.31,1851579.03,29.16,-23.01
2025-12-12,1719664.35,1679105.42,1843671.32,1718146.17,1811269.26,28.61,-13.06
2025-12-13,462679.3,442265.76,1811780.54,439809.46,1777888.97,29.59,-18.88
2025-12-14,952815.08,916962.88,1698479.17,952893.99,1668185.05,28.83,-13.85
2025-12-15,2139989.51,2089172.44,1752567.47,2085901.23,1716570.48,27.6,-9.93
2025-12-16,1552377.61,1494689.41,1623751.49,1517389.42,1588269.07,26.8,-10.58
2025-12-17,2239995.51,2154702.72,1614873.38,2218531.25,1583843.69,24.48,2.75
2025-12-18,2475832.71,2396060.71,1649050.58,2410570.41,1620463.13,22.45,8.67
2025-12-19,2028326.63,1989099.3,1693145.19,1974369.74,1657066.5,24.87,3.65
2025-12-20,496386.74,477015.16,1697960.54,498643.46,1665471.36,24.01,8.1
2025-12-21,710964.65,692149.01,1663410.48,614571.29,1617139.54,24.84,2.01
2025-12-22,1700030.08,1671654.07,1600559.13,1753928.69,1569714.89,24.86,3.74
2025-12-23,1447950.88,1418039.67,1585641.03,1416162.2,1555253.86,23.96,8.36
2025-12-24,957051.96,938777.11,1402363.38,871000.51,1362749.47,25.16,1.09
2025-12-25,675225.62,658808.74,1145133.79,733221.58,1123128.21,24.4,-0.7
2025-12-26,1315340.4,1286437.59,1043278.62,1214449.59,1014568.19,25.78,-4.63
2025-12-27,426980.85,405419.16,1033363.49,442768.92,1006586.11,25.95,-2.18
2025-12-28,575484.69,544787.29,1014009.21,475895.45,986775.28,25.34,6.05
2025-12-29,1899653.23,1866032.01,1042526.8,1939785.77,1013326.29,25.79,2.86
2025-12-30,1121865.87,1085270.17,995943.23,1094242.8,967337.8,25.96,8.8
2025-12-31,946276.49,902084.68,994403.88,925782.04,975163.74,25.43,5.59
2026-01-01,695632.24,655596.57,997319.11,705293.7,971174.04,24.23,5.95
2026-01-02,1963653.0,1924001.47,1089935.2,1898721.29,1068927.14,24.59,1.94
2026-01-03,1025379.84,996183.35,1175420.77,1002009.44,1148818.64,25.38,-5.38
2026-01-04,1042990.91,1023183.64,1242207.37,1024144.58,1227139.95,26.87,-9.21
2026-01-05,2133826.85,2086418.9,1275660.74,2086165.61,1248051.35,26.52,-10.49
2026-01-06,2506028.42,2448130.71,1473398.25,2374650.41,1430966.72,28.25,-8.79
2026-01-07,1835828.88,1790384.41,1600477.16,1865729.21,1565244.89,26.85,-3.23
2026-01-08,2153498.63,2118485.22,1808743.79,2091921.83,1763334.62,25.67,-3.64
2026-01-09,1568443.93,1543723.22,1752285.35,1786727.57,1747335.52,25.07,-0.26
2026-01-10,742922.05,715790.08,1711934.24,462563.83,1670271.86,24.02,1.89
2026-01-11,837345.87,822798.79,1682556.38,812593.78,1640050.32,24.4,-2.8
2026-01-12,1958486.37,1920623.5,1657507.74,1900776.69,1613566.19,23.74,-11.66
2026-01-13,2318416.82,2279081.82,1630706.08,2300107.22,1602917.16,25.76,-16.45
2026-01-14,2459094.02,2412451.66,1719743.96,2313856.05,1666935.28,25.98,-17.49
2026-01-15,1959803.44,1918033.58,1692073.21,1862422.03,1634149.6,24.73,-8.49
2026-01-16,1005512.99,981059.55,1611654.51,1117452.67,1538538.9,25.0,-7.21
2026-01-18,1318943.35,1280668.25,1693943.27,810327.81,1588219.46,24.47,-9.31
2026-01-19,1966859.61,1922103.71,1855302.37,1716617.49,1717365.71,23.71,5.13
2026-01-20,2518456.15,2452192.81,1935298.05,2517934.18,1805531.06,20.97,46.86
2026-01-21,2526229.53,2479523.19,1964985.58,2460042.19,1828378.92,21.52,59.98
2026-01-22,1536469.05,1508179.81,1833182.02,1420236.26,1700718.95,21.44,43.6
2026-01-23,1655286.44,1614760.97,1789679.59,1582594.47,1660743.58,22.63,35.11
2026-01-24,442682.77,418679.08,1709275.27,423383.14,1561590.79,23.2,33.53
2026-01-25,1477880.48,1435987.22,1731980.58,1354082.47,1639270.03,22.19,37.73
2026-01-26,1740666.92,1705940.76,1699667.33,1686069.29,1634906.0,24.93,33.51
2026-01-27,1680272.13,1619878.79,1579926.76,1379697.28,1472300.73,30.8,6.06
2026-01-28,2213694.42,2132550.87,1535278.89,2162127.39,1429741.47,34.44,2.93
2026-01-29,3535598.72,3444225.12,1820868.84,3327618.82,1702224.69,30.79,7.29
2026-01-30,3552855.56,3449183.85,2091950.14,3218850.03,1935975.49,30.58,5.82
2026-01-31,3515062.16,3423270.49,2530861.48,3149151.15,2325370.92,30.98,1.37
2026-02-01,2261880.58,2201806.68,2642861.5,2372679.2,2470884.74,30.56,6.12
2026-02-02,2789448.42,2702433.53,2792687.43,2661584.87,2610244.11,33.28,-5.84
2026-02-03,3228464.93,3123127.94,3013857.83,3033451.62,2846494.73,32.67,-11.75
2026-02-04,3147072.15,2944871.18,3147197.5,2965474.28,2961258.57,35.44,-17.08
2026-02-05,5427197.21,5284133.36,3417425.86,5253972.94,3236452.01,33.03,-5.89
2026-02-06,3973864.35,3855724.48,3477569.97,3769215.5,3315075.65,32.36,-2.46
2026-02-07,1679689.61,1638509.65,3215373.89,1633492.24,3098552.95,31.4,1.37
2026-02-08,1062247.74,1036564.86,3043997.77,1086013.17,2914743.52,32.44,-5.35
2026-02-09,1674643.85,1638850.29,2884739.98,1554684.95,2756614.96,31.34,-0.43
2026-02-10,1413787.72,1377520.93,2625500.38,1355611.75,2516923.55,28.83,2.33
2026-02-11,1791958.01,1754000.97,2431912.64,1718110.73,2338728.75,29.39,-2.4
2026-02-12,1518053.97,1484391.58,1873463.61,1356448.79,1781939.59,31.09,-6.68
2026-02-13,1268161.84,1241697.83,1486934.68,1281749.07,1426587.24,31.56,-3.84
2026-02-14,759731.62,744334.92,1355512.11,747336.21,1299993.52,31.83,-6.54
2026-02-15,1008458.99,990232.79,1347828.0,977878.9,1284545.77,30.7,-5.47
2026-02-16,972778.94,955018.14,1247561.58,853035.8,1184310.18,31.2,-15.47
2026-02-17,1306893.0,1281617.6,1232290.91,1341596.32,1182307.97,29.5,-8.13
2026-02-18,1221629.05,1197492.46,1150815.34,1175345.66,1104770.11,28.69,-2.73
2026-02-19,1082534.5,1058391.02,1088598.28,1031950.35,1058413.19,29.01,-3.04
2026-02-20,1427449.16,1402939.63,1111353.61,1339275.29,1066631.22,30.35,-10.0
2026-02-21,107354.87,103975.39,1018156.93,491477.95,1030080.04,29.75,4.99
2026-02-22,944831.48,922983.56,1009067.29,506060.04,962677.34,29.02,8.75
2026-02-23,1765723.52,1721782.61,1122345.08,1728909.29,1087802.13,26.38,24.46
2026-02-24,1611156.65,1576887.7,1165811.32,1524885.95,1113986.36,27.1,15.48
2026-02-25,2132710.07,2090842.73,1295965.75,2068588.58,1241592.49,27.9,15.26
2026-02-26,1502104.87,1473459.22,1355904.37,1384956.11,1292021.89,28.13,8.54
2026-02-27,1351615.85,1321840.66,1345071.04,1241030.22,1277986.88,27.31,13.62
2026-02-28,1953945.47,1915432.61,1608869.7,1816154.84,1467226.43,31.23,-3.0
2026-03-01,1525781.79,1493632.55,1691862.6,1523583.7,1612586.96,31.56,-2.67
2026-03-02,2085138.94,2038865.79,1737493.38,1947703.99,1643843.34,32.83,5.64
2026-03-03,2156682.42,2115280.25,1815425.63,1953548.3,1705080.82,31.3,9.24
2026-03-04,2501583.16,2443012.81,1868121.79,2329772.04,1742392.74,32.16,12.62
2026-03-05,1718461.13,1680135.65,1899029.82,1685907.84,1785385.85,30.53,22.11
2026-03-06,1957352.3,1919778.65,1985563.6,1835993.67,1870380.63,31.04,17.48
2026-03-07,762827.5,741537.13,1815403.89,714837.63,1713049.6,30.29,24.87
2026-03-08,1178361.83,1154798.44,1765772.47,1172058.74,1662831.74,30.72,21.33
2026-03-09,2124463.52,2074038.83,1771390.27,1937249.57,1661338.26,34.68,17.62
2026-03-10,1811573.92,1776996.39,1722089.05,1644876.41,1617242.27,34.19,20.42
2026-03-11,1451958.99,1410931.91,1572142.74,1392462.79,1483340.95,36.22,16.23
2026-03-12,1466620.43,1426159.23,1536165.5,1366566.18,1437720.71,37.28,5.51
2026-03-13,1956157.02,1906154.01,1535994.74,1830670.62,1436960.28,36.46,8.45
2026-03-14,639637.62,617587.04,1518396.19,628780.06,1424666.34,37.83,5.4
2026-03-15,982229.15,962744.18,1490377.24,929730.28,1390047.99,37.27,
2026-03-16,2121058.91,2074860.53,1489890.86,2056534.62,1407088.71,40.79,
2026-03-17,1822405.26,1776803.8,1491438.2,1717663.47,1417486.86,41.17,
2026-03-18,2064325.83,2005768.63,1578919.17,1931952.06,1494556.76,42.1,
2026-03-19,2092068.47,2040967.51,1668268.89,1919269.57,1573514.38,39.34,
2026-03-20,1532475.06,1498961.01,1607742.9,1398791.89,1511817.42,39.54,
2026-03-21,496496.16,482594.53,1587294.12,,,39.87,
